#CHROM	POS	ID	REF	ALT	QUAL	FILTER	INFO	FORMAT	row_num
22	20933210	.	G	T	100	PASS	AC=1;AF=0.000199681;AN=5008;NS=2504;DP=21828;EAS_AF=0;AMR_AF=0;AFR_AF=0;EUR_AF=0;SAS_AF=0.001;AA=G|||;VT=SNP	GT	127696
22	22913924	.	G	A	100	PASS	AC=2;AF=0.000399361;AN=5008;NS=2504;DP=13597;EAS_AF=0.001;AMR_AF=0.0014;AFR_AF=0;EUR_AF=0;SAS_AF=0;AA=G|||;VT=SNP	GT	183069
22	19520708	.	AC	A	100	PASS	AC=3;AF=0.000599042;AN=5008;NS=2504;DP=16769;EAS_AF=0;AMR_AF=0.0014;AFR_AF=0.0015;EUR_AF=0;SAS_AF=0;AA=?|CCC|CC|unsure;VT=INDEL	GT	91685
22	37933703	.	C	G	100	PASS	AC=51;AF=0.0101837;AN=5008;NS=2504;DP=10495;EAS_AF=0;AMR_AF=0;AFR_AF=0.0378;EUR_AF=0.001;SAS_AF=0;AA=C|||;VT=SNP	GT	650273
22	31653721	.	A	G	100	PASS	AC=6;AF=0.00119808;AN=5008;NS=2504;DP=16196;EAS_AF=0;AMR_AF=0;AFR_AF=0;EUR_AF=0;SAS_AF=0.0061;AA=A|||;VT=SNP	GT	452054
22	34224799	.	T	C	100	PASS	AC=790;AF=0.157748;AN=5008;NS=2504;DP=19298;EAS_AF=0.1696;AMR_AF=0.1124;AFR_AF=0.2126;EUR_AF=0.1431;SAS_AF=0.1186;AA=C|||;VT=SNP	GT	529534
22	31884765	.	G	T	100	PASS	AC=5;AF=0.000998403;AN=5008;NS=2504;DP=18978;EAS_AF=0;AMR_AF=0.0014;AFR_AF=0;EUR_AF=0.004;SAS_AF=0;AA=G|||;VT=SNP	GT	458251
22	39355109	.	T	C	100	PASS	AC=1155;AF=0.230631;AN=5008;NS=2504;DP=17889;EAS_AF=0.255;AMR_AF=0.1816;AFR_AF=0.2383;EUR_AF=0.2664;SAS_AF=0.1933;AA=T|||;VT=SNP	GT	693103
22	30724261	.	G	A	100	PASS	AC=4;AF=0.000798722;AN=5008;NS=2504;DP=20614;EAS_AF=0;AMR_AF=0;AFR_AF=0;EUR_AF=0;SAS_AF=0.0041;AA=G|||;VT=SNP	GT	425332
22	26665116	.	T	C	100	PASS	AC=1;AF=0.000199681;AN=5008;NS=2504;DP=21242;EAS_AF=0;AMR_AF=0;AFR_AF=0;EUR_AF=0.001;SAS_AF=0;AA=T|||;VT=SNP	GT	308166
22	19050342	.	A	G	100	PASS	AC=12;AF=0.00239617;AN=5008;NS=2504;DP=17268;EAS_AF=0;AMR_AF=0.0029;AFR_AF=0;EUR_AF=0.0099;SAS_AF=0;AA=A|||;VT=SNP	GT	77516
22	20027824	.	T	G	100	PASS	AC=1;AF=0.000199681;AN=5008;NS=2504;DP=23464;EAS_AF=0;AMR_AF=0;AFR_AF=0;EUR_AF=0;SAS_AF=0.001;AA=T|||;VT=SNP	GT	108981
22	16255348	.	C	T	100	PASS	AC=1;AF=0.000199681;AN=5008;NS=2504;DP=28672;EAS_AF=0;AMR_AF=0;AFR_AF=0.0008;EUR_AF=0;SAS_AF=0;AA=C|||;VT=SNP	GT	2537
22	39836763	.	G	T	100	PASS	AC=4;AF=0.000798722;AN=5008;NS=2504;DP=17753;EAS_AF=0.004;AMR_AF=0;AFR_AF=0;EUR_AF=0;SAS_AF=0;AA=G|||;VT=SNP	GT	709501
22	43363995	.	A	G	100	PASS	AC=1;AF=0.000199681;AN=5008;NS=2504;DP=19839;EAS_AF=0;AMR_AF=0;AFR_AF=0.0008;EUR_AF=0;SAS_AF=0;AA=A|||;VT=SNP	GT	812010
22	30959602	.	C	A	100	PASS	AC=446;AF=0.0890575;AN=5008;NS=2504;DP=18890;EAS_AF=0.0516;AMR_AF=0.111;AFR_AF=0.0325;EUR_AF=0.0924;SAS_AF=0.1851;AA=C|||;VT=SNP	GT	432194
22	50778928	.	GGTGTGGTGTGT	G	100	PASS	AC=1375;AF=0.274561;AN=5008;NS=2504;DP=18993;EAS_AF=0.1885;AMR_AF=0.2248;AFR_AF=0.5295;EUR_AF=0.1044;SAS_AF=0.229;VT=INDEL	GT	1087550
22	48479670	.	A	G	100	PASS	AC=17;AF=0.00339457;AN=5008;NS=2504;DP=21448;EAS_AF=0;AMR_AF=0;AFR_AF=0.0129;EUR_AF=0;SAS_AF=0;AA=A|||;VT=SNP	GT	996167
22	25625014	.	TGTG	T	100	PASS	AC=45;AF=0.00898562;AN=5008;NS=2504;DP=19967;EAS_AF=0;AMR_AF=0.0029;AFR_AF=0.0325;EUR_AF=0;SAS_AF=0;VT=INDEL	GT	273862
22	37589961	.	G	A	100	PASS	AC=7;AF=0.00139776;AN=5008;NS=2504;DP=19945;EAS_AF=0;AMR_AF=0;AFR_AF=0.0053;EUR_AF=0;SAS_AF=0;AA=G|||;VT=SNP	GT	638859
22	19517637	.	G	A	100	PASS	AC=125;AF=0.0249601;AN=5008;NS=2504;DP=15058;EAS_AF=0;AMR_AF=0.0043;AFR_AF=0.09;EUR_AF=0;SAS_AF=0.0031;AA=G|||;VT=SNP	GT	91602
22	49920438	.	G	A	100	PASS	AC=27;AF=0.00539137;AN=5008;NS=2504;DP=22198;EAS_AF=0;AMR_AF=0.0014;AFR_AF=0.0197;EUR_AF=0;SAS_AF=0;AA=G|||;VT=SNP	GT	1056818
22	17747350	.	C	A	100	PASS	AC=48;AF=0.00958466;AN=5008;NS=2504;DP=15830;EAS_AF=0;AMR_AF=0.0014;AFR_AF=0.0356;EUR_AF=0;SAS_AF=0;AA=C|||;VT=SNP	GT	37563
22	30392571	.	G	T	100	PASS	AC=1;AF=0.000199681;AN=5008;NS=2504;DP=17860;EAS_AF=0.001;AMR_AF=0;AFR_AF=0;EUR_AF=0;SAS_AF=0;AA=G|||;VT=SNP	GT	416822
22	32046447	.	T	G	100	PASS	AC=7;AF=0.00139776;AN=5008;NS=2504;DP=17470;EAS_AF=0;AMR_AF=0.0014;AFR_AF=0.0015;EUR_AF=0.001;SAS_AF=0.0031;AA=T|||;VT=SNP	GT	462992
22	41435259	.	G	A	100	PASS	AC=1;AF=0.000199681;AN=5008;NS=2504;DP=15161;EAS_AF=0;AMR_AF=0.0014;AFR_AF=0;EUR_AF=0;SAS_AF=0;AA=.|||;VT=SNP	GT	752686
22	50785228	.	C	T	100	PASS	AC=1;AF=0.000199681;AN=5008;NS=2504;DP=9555;EAS_AF=0;AMR_AF=0;AFR_AF=0;EUR_AF=0;SAS_AF=0.001;AA=c|||;VT=SNP	GT	1087655
22	23242787	.	A	C,T	100	PASS	AC=6,3;AF=0.00119808,0.000599042;AN=5008;NS=2504;DP=38567;EAS_AF=0.001,0;AMR_AF=0,0;AFR_AF=0.003,0.0015;EUR_AF=0.001,0.001;SAS_AF=0,0;AA=A|||;VT=SNP;MULTI_ALLELIC	GT	197240
22	50960989	.	G	A	100	PASS	AC=1;AF=0.000199681;AN=5008;NS=2504;DP=15226;EAS_AF=0.001;AMR_AF=0;AFR_AF=0;EUR_AF=0;SAS_AF=0;AA=G|||;VT=SNP;EX_TARGET	GT	1094653
22	39134551	.	C	T	100	PASS	AC=1;AF=0.000199681;AN=5008;NS=2504;DP=17836;EAS_AF=0.001;AMR_AF=0;AFR_AF=0;EUR_AF=0;SAS_AF=0;AA=T|||;VT=SNP;EX_TARGET	GT	686476
22	17742658	.	G	A	100	PASS	AC=2;AF=0.000399361;AN=5008;NS=2504;DP=16779;EAS_AF=0.002;AMR_AF=0;AFR_AF=0;EUR_AF=0;SAS_AF=0;AA=G|||;VT=SNP	GT	37413
22	33840976	.	C	T	100	PASS	AC=3;AF=0.000599042;AN=5008;NS=2504;DP=19442;EAS_AF=0;AMR_AF=0;AFR_AF=0.0023;EUR_AF=0;SAS_AF=0;AA=c|||;VT=SNP	GT	516568
22	17928071	.	C	T	100	PASS	AC=2199;AF=0.439097;AN=5008;NS=2504;DP=13398;EAS_AF=0.5655;AMR_AF=0.2767;AFR_AF=0.6399;EUR_AF=0.1441;SAS_AF=0.456;AA=C|||;VT=SNP	GT	43953
22	30162396	.	C	T	100	PASS	AC=5;AF=0.000998403;AN=5008;NS=2504;DP=19652;EAS_AF=0;AMR_AF=0;AFR_AF=0;EUR_AF=0;SAS_AF=0.0051;AA=C|||;VT=SNP	GT	410262
22	51050444	.	A	G	100	PASS	AC=1;AF=0.000199681;AN=5008;NS=2504;DP=17111;EAS_AF=0;AMR_AF=0;AFR_AF=0.0008;EUR_AF=0;SAS_AF=0;AA=A|||;VT=SNP	GT	1097674
22	23500500	.	T	C	100	PASS	AC=1;AF=0.000199681;AN=5008;NS=2504;DP=18640;EAS_AF=0;AMR_AF=0;AFR_AF=0.0008;EUR_AF=0;SAS_AF=0;AA=T|||;VT=SNP	GT	205414
22	18557247	.	G	C	100	PASS	AC=1;AF=0.000199681;AN=5008;NS=2504;DP=13604;EAS_AF=0.001;AMR_AF=0;AFR_AF=0;EUR_AF=0;SAS_AF=0;AA=G|||;VT=SNP	GT	66087
22	25506905	.	G	T	100	PASS	AC=1;AF=0.000199681;AN=5008;NS=2504;DP=20236;EAS_AF=0;AMR_AF=0;AFR_AF=0.0008;EUR_AF=0;SAS_AF=0;AA=g|||;VT=SNP	GT	269985
22	48840869	.	T	A	100	PASS	AC=4;AF=0.000798722;AN=5008;NS=2504;DP=20936;EAS_AF=0;AMR_AF=0;AFR_AF=0.003;EUR_AF=0;SAS_AF=0;AA=T|||;VT=SNP	GT	1010697
22	39507757	.	C	G	100	PASS	AC=12;AF=0.00239617;AN=5008;NS=2504;DP=18096;EAS_AF=0;AMR_AF=0;AFR_AF=0.0091;EUR_AF=0;SAS_AF=0;AA=C|||;VT=SNP	GT	698714
22	46970509	.	G	A	100	PASS	AC=1;AF=0.000199681;AN=5008;NS=2504;DP=17481;EAS_AF=0.001;AMR_AF=0;AFR_AF=0;EUR_AF=0;SAS_AF=0;AA=G|||;VT=SNP	GT	939183
22	43385897	.	C	G	100	PASS	AC=10;AF=0.00199681;AN=5008;NS=2504;DP=11086;EAS_AF=0;AMR_AF=0;AFR_AF=0.0076;EUR_AF=0;SAS_AF=0;AA=C|||;VT=SNP	GT	812621
22	46916158	.	C	T	100	PASS	AC=2;AF=0.000399361;AN=5008;NS=2504;DP=17329;EAS_AF=0;AMR_AF=0;AFR_AF=0.0015;EUR_AF=0;SAS_AF=0;AA=C|||;VT=SNP	GT	937060
22	28365421	.	A	G	100	PASS	AC=1;AF=0.000199681;AN=5008;NS=2504;DP=20506;EAS_AF=0.001;AMR_AF=0;AFR_AF=0;EUR_AF=0;SAS_AF=0;AA=A|||;VT=SNP	GT	362384
22	20934040	.	C	T	100	PASS	AC=149;AF=0.0297524;AN=5008;NS=2504;DP=19095;EAS_AF=0.001;AMR_AF=0.0086;AFR_AF=0.1074;EUR_AF=0;SAS_AF=0;AA=C|||;VT=SNP	GT	127717
22	44486482	.	C	T	100	PASS	AC=1;AF=0.000199681;AN=5008;NS=2504;DP=17610;EAS_AF=0;AMR_AF=0;AFR_AF=0;EUR_AF=0;SAS_AF=0.001;AA=C|||;VT=SNP	GT	849009
22	23246175	.	G	A	100	PASS	AC=1;AF=0.000199681;AN=5008;NS=2504;DP=31082;EAS_AF=0;AMR_AF=0;AFR_AF=0;EUR_AF=0.001;SAS_AF=0;AA=G|||;VT=SNP	GT	197409
22	34999546	.	T	C	100	PASS	AC=4;AF=0.000798722;AN=5008;NS=2504;DP=21373;EAS_AF=0.004;AMR_AF=0;AFR_AF=0;EUR_AF=0;SAS_AF=0;AA=T|||;VT=SNP	GT	555471
22	25536642	.	G	A	100	PASS	AC=544;AF=0.108626;AN=5008;NS=2504;DP=17717;EAS_AF=0.1488;AMR_AF=0.1095;AFR_AF=0.0537;EUR_AF=0.1183;SAS_AF=0.1309;AA=G|||;VT=SNP	GT	270907
22	46133818	.	A	G	100	PASS	AC=1;AF=0.000199681;AN=5008;NS=2504;DP=17329;EAS_AF=0;AMR_AF=0;AFR_AF=0.0008;EUR_AF=0;SAS_AF=0;AA=A|||;VT=SNP	GT	908439
